{
  "accuracy": [
    0.7245495915412903,
    0.8343824744224548,
    0.9001519680023193,
    0.9303234219551086,
    0.9453006386756897,
    0.9591925144195557,
    0.9572389721870422,
    0.9654873013496399,
    0.9633166790008545,
    0.9722161889076233
  ],
  "loss": [
    1.0950678586959839,
    0.6645801663398743,
    0.4535398781299591,
    0.3642430603504181,
    0.2849515378475189,
    0.22474445402622223,
    0.24983873963356018,
    0.19712106883525848,
    0.1708463430404663,
    0.13548989593982697
  ],
  "val_accuracy": [
    0.2222222238779068,
    0.8845486044883728,
    0.8715277910232544,
    0.8385416865348816,
    0.8758680820465088,
    0.8506944179534912,
    0.2534722089767456,
    0.2378472238779068,
    0.5277777910232544,
    0.6145833134651184
  ],
  "val_loss": [
    0.7285943031311035,
    0.49886342883110046,
    0.38727885484695435,
    0.5213447213172913,
    0.3333427906036377,
    0.440946489572525,
    5.033557415008545,
    7.17558479309082,
    1.6807141304016113,
    1.2049336433410645
  ],
  "learning_rate": [
    0.0010000000474974513,
    0.0010000000474974513,
    0.0010000000474974513,
    0.0010000000474974513,
    0.0010000000474974513,
    0.0010000000474974513,
    0.0010000000474974513,
    0.0010000000474974513,
    0.0005000000237487257,
    0.0005000000237487257
  ]
}